Country,2010,2011,2012,2013,2014,2015,2016,2017,2018,2019,2020,2021,2022,2023,2024
Afghanistan,2.17853752389419,11.8041858089129,6.44121280934117,7.38577178397855,4.67399603536345,-0.661709164713742,4.38389195513915,4.97595150553833,0.626149149168847,2.30237251516834,5.60188791482224,5.13320340824963,13.7121023720065,-4.64470870797775,-6.60118564073726
Africa Eastern and Southern,5.53753791645677,8.97120640995788,9.15870843167905,5.74883133553455,5.37028961008587,5.24587835022454,6.59650490696543,6.39934341569381,4.72080474200535,4.64496717329569,5.40516207933392,7.24097765588442,10.7737512242899,7.12697482131851,5.320970595085502
Africa Western and Central,1.78484420477113,4.01869907534488,4.57837463515948,2.43920076104127,1.76843582146219,2.13081738058791,1.48741550755546,1.72548602374723,1.78404994832039,1.98309228487231,2.49037783931944,3.74570045027359,7.94925143524016,5.22116801323998,2.2741868414905935
Albania,3.6271009151748,3.42807130141503,2.03159268395296,1.93762080205223,1.62586504402604,3.50120835492657,-0.367317209784652,2.06059845920226,2.02805963071135,1.41109078954251,1.62088661717004,2.04147163139545,6.7252027153006,4.75976421930106,2.21448953273294
Algeria,3.91106195534028,4.5242115050527,8.89145091062317,3.25423910998847,2.91692692067458,4.78444700693889,6.39769480268757,5.59111590961664,4.26999020467084,1.95176821052892,2.41513094083414,7.22606307415477,9.26551551551553,9.32217375928322,4.04611455313434
Angola,14.4696564932577,13.4824679218511,10.2779049218839,8.77781429332624,7.28038730361121,9.35597215533784,30.6944150806719,29.8444799015679,19.6289379701521,17.080954143438,22.271539247051,25.7542948841891,21.3552901320822,13.6441017767715,28.2404948915772
Antigua and Barbuda,3.37002540220148,3.4567496723461,3.37688044338874,1.05949782356169,1.08944157435355,0.968993458825638,-0.489437796230499,2.43248789041363,1.20715793367008,1.43135598182984,0.625989707046719,2.06299638545334,7.53107834634288,5.06713865364213,1.7346866665148708
Armenia,8.17636138473952,7.65000807859294,2.55802007757907,5.78966778544651,2.98130868933672,3.73169119261693,-1.403607559009,0.969553268816138,2.52023382001638,1.44344660770698,1.21143577838465,7.18483629443371,8.64091108973855,1.98041877615554,0.269511978259125
Aruba,2.07814071860787,4.31629742195203,0.627471992893373,-2.37206524252261,0.421440918881214,0.474763597342641,-0.931195987079561,-1.02828178762012,3.62604141352961,4.25746204335428,1.7205806959328926,1.8562038436829171,2.770734684295116,2.1417266381703,1.0772726709489548
Australia,2.91834002677376,3.3038501560874,1.76278015613196,2.4498886414254,2.48792270531404,1.50836672165921,1.27699094497324,1.94864740944527,1.91140094445691,1.61076787290379,0.846905537459305,2.86391042204994,6.59409671341846,5.5970149253731,3.1616142830575
Austria,1.81353438995062,3.2865791487538,2.48567562177015,2.00015616900597,1.60581182954474,0.89656333526032,0.891591752655362,2.08126911385587,1.9983798142954,1.53089564152644,1.38191063351862,2.7666666666667,8.5468699318845,7.81413417002832,2.93791574279383
Azerbaijan,5.72687224669605,7.8583333333334,1.06621339720303,2.41571745279419,1.37344181533176,4.02768573742726,12.4433748584372,12.9359184187335,2.26854690373999,2.61057182799215,2.75980947008127,6.65029912708779,13.8522590144267,8.78543049849081,2.21217188919901
"Bahamas, The",1.34402738392836,3.1987814166032,1.97336755976254,0.722414784530551,1.51375643050831,1.86148302863371,-0.346376929989397,1.51820700736147,2.26586346678736,2.49123527368046,0.0385210980054558,2.90491262928478,5.60540633583044,3.05291578969743,1.5458719095901792
Bahrain,1.96188468334623,-0.40004069748808,2.75739669962979,3.30001156888442,2.64755321246189,1.84862742374977,2.78679347602044,1.38671830576406,2.08766938046978,1.00582004702137,-2.31770629331379,-0.60631938514085,3.62574104304482,0.0746206782192256,0.919635459817651
Bangladesh,8.12667639169917,11.3951651552399,6.21750422069284,7.53040640913172,6.99163889220849,6.19428022984984,5.51352572692995,5.70207015717239,5.54362139486476,5.59199639930629,5.69107474746211,5.54565430773473,7.69695437176898,9.8835030377921,10.4657482763412
Barbados,5.82421853311866,9.43220240177221,4.53334753888766,1.81410436049105,1.76950322089729,-1.11278992510967,1.28192813061895,4.66018463955996,3.67381410406801,4.10028964518461,5.489710555880851,5.922431803762466,8.840347610475197,9.79207077126447,3.437162329700516
Belarus,7.73574804312508,53.2286983118173,59.2197360232517,18.3122610377874,18.1195543526734,13.5344897649735,11.8365807653497,6.03183725177793,4.87230220550684,5.59815595039854,5.54814357456511,9.46028389623103,15.209675274081,5.0005990309131,5.78531910428
Belgium,2.18929920422457,3.53208210722742,2.83966343445899,1.1130959402754,0.340002833356922,0.561429152790065,1.97385264653181,2.12597086002607,2.05316499865186,1.43681956996429,0.740791812220344,2.44024851144084,9.597511728725,4.04901077613941,3.14349136500041
Belize,0.917977378808888,1.602056156402,1.30058074547858,0.50974776898322,1.20139964481058,-0.861584009427748,0.663427167917601,1.14765339305816,0.269982622646335,0.187069385181424,0.121434644614894,3.23563659237071,6.27689319447544,4.38984017487675,3.28955985952768
Benin,2.20783532536523,2.7042390774728,6.74468253340712,0.428888888888792,-0.548757550948091,0.218785923536154,-0.793310145785534,0.0432648555103608,0.919170717886054,0.732849371240975,3.02272119663769,1.73353962694036,1.35077863583527,2.73102465280233,1.1415910763004982
Bhutan,7.03638316073019,8.848985699468,10.919656944683,8.77638345268213,8.27106093949328,4.54814395082205,3.21988689395718,4.95508366985129,2.72396386183713,2.72643037388832,5.62936522632508,7.3468144053353,5.6391667139637,4.22934419929251,2.76131569624098
Bolivia,2.50327605844241,9.88446419823883,4.51560291399376,5.73640023719607,5.76660074579144,4.05961041135645,3.62321431764138,2.8227580554717,2.27205987230155,1.83954504969026,0.940742153381849,0.737383721452275,1.74632872945969,2.57688800489192,5.09976568317427
Bosnia and Herzegovina,1.99621236745887,3.67125,2.05267452001717,-0.0930456838317588,-0.897194054194333,-1.03602303425474,-1.58410000000002,0.810133321953039,1.41710814018034,0.56278215406123,-1.0512960076349,1.98163900587622,14.0208440826771,6.1059011284828,1.69212733599724
Botswana,6.94887658743103,8.45987233408583,7.53690261091916,5.88460707056817,4.40225309243427,3.06203169580558,2.81495791361944,3.30828076768219,3.23801558947715,2.77286442863321,1.8903591682421,7.24097765588442,11.665567478802,5.0676154934383,2.81835131676251
Brazil,5.03872690108075,6.6364496221309,5.40349914036997,6.20431066640101,6.32904015516139,9.02990102416136,8.73914352329393,3.44637335032669,3.66485028376729,3.73297621216894,3.21176803803376,8.30165975585673,9.28010608956873,4.59356282283204,4.36746407652337
Brunei Darussalam,0.356869132017561,0.13791156316954,0.111766261400307,0.389205053123632,-0.207108731719822,-0.488347420743522,-0.278693265753083,-1.2605056462896,1.02505179290212,-0.390522069165529,1.94031996607184,1.73341388450593,3.68225030604216,0.35706431153689,-0.388674165036461
Bulgaria,2.43899060504113,4.21990346601873,2.95456829831022,0.890093540913002,-1.4181838026484,-0.104633261008385,-0.79864988645371,2.06159619443141,2.81454473824829,3.10372944796781,1.67244096855756,3.29774435299515,15.3252589264366,9.44284140088564,2.44651943006079
Burkina Faso,-0.764230734676758,2.75976724854523,3.818152402524,0.533738507090536,-0.258089517535384,0.724838981070517,0.441041448058902,1.48299897161325,1.95594302672523,-3.2333893398333,1.88443993781991,3.65353287214209,14.2902354303358,0.742910428668841,4.19113446375394
Burundi,6.49326591473993,9.5921660597967,18.1610453065451,7.93795807492418,4.40535234185293,5.54468891259779,5.55768961400965,16.0525353030392,-2.81469807668465,-0.686772170797359,7.32110643415521,8.40453845076341,18.8008786664945,26.9414835762453,20.2124925027847
Cabo Verde,2.07866470906424,4.47388342165023,2.54039644167109,1.50654285701407,-0.238778144990624,0.131187999024545,-1.40781637091706,0.784415251101334,1.25699566690509,1.10666674296063,0.605795808395385,1.86215297494647,7.93092925430087,3.72437517668748,1.2640483849032715
Cambodia,3.99639528107218,5.4784474961745,2.93431609293951,2.94162509547349,3.85568861424207,1.22393195511119,3.01913975139128,2.91263557371478,2.45908515380146,1.94257500833107,2.9402951426397,2.92073477592949,5.34370264895437,2.12746796594194,2.5836529186968584
Cameroon,1.27538046242338,2.93969946305091,2.73529677529539,2.05034718001741,1.85489850366777,2.676235314199,0.874190383288856,0.64040914988195,1.0688581131292,2.45280214062732,2.43760882182236,2.27185762503637,6.24767713343861,7.38281384280984,1.9320313164649707
Canada,1.77687154092627,2.91213508872351,1.51567823124517,0.938291897815317,1.90663590717861,1.12524136094277,1.42875954701085,1.59688412852977,2.26822567248103,1.94926902411593,0.716999632307827,3.39519318527528,6.80280115341613,3.87900159788426,2.38158383281173
Cayman Islands,0.276140861750108,1.32543575779664,1.18894845245608,2.16061146813391,1.27397911533388,-2.34752770165615,-0.62525835861814,0.45788646385592585,0.3831152419648325,0.46568918185167735,0.6766103962790727,0.7299435715033857,1.0895785923650794,0.8422240891108849,0.42363249251508295
Central African Republic,1.49102370047802,1.1944757244985,5.47829594346117,6.98879341970198,14.898684179755,1.40297017136816,4.94543276106518,4.18072331871267,1.61215686991555,2.68537355266787,1.71015659523153,4.25936417542868,5.58316735183247,2.97913852618937,3.8144802631226877
Chad,-2.07786574641866,2.0292405367826,7.51662364663833,0.222671564624642,1.68197313925661,4.37712665065654,-0.792440525236016,-1.53709962980849,4.27462198610545,-0.971939175419317,4.4641443723286,-0.772844370359139,5.78802687843616,10.8363568399842,8.89950732263761
Chile,1.41071107954321,3.34121694259302,3.00744840213047,1.7895555398459,4.71867527854672,4.34877353217044,3.78619355893118,2.18271846868519,2.43488981353057,2.55754475703327,3.04549084804326,4.52456838259144,11.643866711056,7.58168251407962,4.29763891572524
China,3.17532475269199,5.55389892257493,2.61952432645541,2.62105001748115,1.92164162788521,1.43702380935655,2.00000182191943,1.59313600071436,2.07479039965576,2.89923416358227,2.41942189457782,0.981015135544882,1.97357555739051,0.234836828893051,0.218128938439177
Colombia,2.27200227892008,3.4150334477625,3.16930188840055,2.01699224310383,2.89883787761738,4.9898311584953,7.51346024627675,4.31431325695011,3.24056932930569,3.52301932741447,2.52663500084706,3.49505757399448,10.1772313546166,11.7359044948689,6.60908593728228
Comoros,3.35475770328922,1.8426630075621,6.31474450315196,-4.29487331536736,1.138134504174357,1.2020407182711013,2.046993828152757,1.5255696793534739,1.2764496070004407,1.5515664950064687,2.2543062238753557,2.43199978210087,3.630218831513273,2.8060919791089294,1.4114435275669135
"Congo, Dem. Rep.",7.10000000000037,15.316515913949,9.72182806273364,0.808223101487111,1.24303889760803,0.74419899478147,2.88585107289988,4.984626828144989,4.170655094905899,5.069568490596732,7.365691278778844,7.9462849347138595,11.861330507870917,9.168588987188423,4.611732501725679
"Congo, Rep.",0.391525011227612,1.75958704273803,5.01018773134471,4.63161619729461,0.912139545450097,3.16909796750829,3.19056179723773,0.450063823285546,1.15277896375523,2.20607305781525,1.79537147083108,1.7156427545126,3.04344334698478,4.30174563591016,1.9313895831472956
Costa Rica,5.66275708420021,4.87799830970702,4.49545314354605,5.23133614174428,4.51920098516954,0.801982005099623,-0.0174788505908217,1.62590692991732,2.22111461526581,2.09604635327807,0.724911478131376,1.72647755109241,8.27477490232654,0.525193508693455,-0.41345934225229
Cote d'Ivoire,1.22645612135479,4.9124339505246,1.30451119915597,2.58117037252936,0.448682076766141,1.25149954781477,0.723178457513217,0.685881065304603,0.359409031380677,-1.10686343994188,2.42500656821815,4.09195189692863,5.27616724262846,4.38711707003279,3.46637314660165
Croatia,1.03055505333574,2.2727272727273,3.41207349081358,2.21658206429779,-0.215196159576268,-0.464499004644911,-1.12500000000002,1.12937210282347,1.50012501041756,0.771820346498019,0.154811374562106,2.55450699642041,10.7805806758686,7.9412817758683,1.3980861412726378
Curacao,2.77944261312587,2.3325315256217,3.18398746349455,1.33232086152117,1.4987396961643,-0.476542049801405,-0.0472079848940293,1.58558801700345,2.58368756641814,2.62220783425059,2.686307712815617,2.898053380251277,4.325891816746277,3.343834323178955,1.6819239525447558
Cyprus,2.43004084102254,3.28944939564211,2.38905410042317,-0.399357676464426,-1.35498885446315,-2.0969976905311,-1.42916666666665,0.531766496174467,1.43549119531759,0.250370996758493,-0.638422797978959,2.44608867175474,8.39548297993334,3.54134188751663,1.80023018624815
Czechia,1.47272727272722,1.9172191363555,3.28762306610411,1.4382978723404,0.343988589646794,0.309364548494975,0.683504209385703,2.4505339846014,2.14949494949493,2.8478759591805,3.16129528497801,3.83984491500146,15.1001651468371,10.6612601372426,2.43531202435314
Denmark,2.31092436974789,2.7586822605125,2.3979148566464,0.789071780078062,0.56402054044954,0.452034153691575,0.250000000000031,1.14713216957602,0.813609467455631,0.75813157251162,0.420711974110115,1.8530454398968,7.6965669988926,3.30517811237606,1.37220049768918
Djibouti,3.95007875923885,5.0687139477799,3.73120950756887,2.70603242872182,1.34186494340157,-0.847389733971996,2.73841208738755,0.568112117084804,0.14797084987711,3.31925372703827,1.7774078380617,1.18191775339802,5.17980847967061,1.49506816515088,1.7778819129827896
Dominica,2.99936630549,1.1312313652648,1.3567714780886,-0.0464116468805992,0.799250372687492,-0.84382698463833,0.141816225732312,0.296252889279487,0.98919111918989,1.50462353858141,-0.727116412668203,1.4831944499819,7.7806152516404,4.22769324983409,0.9730112516861165
Dominican Republic,6.32993220146146,5.79676809206533,3.69449707884777,4.830950967408,2.99864226125219,0.836746346724557,1.61416607245223,3.27955694678546,3.56443426013508,1.81060377042959,3.78103179915517,8.24300347981809,8.81109209279587,4.78561281021135,3.30223338951227
Ecuador,3.55437734567843,4.4745326579584,5.10172180958666,2.72177577710371,3.58922016616663,3.96664623255358,1.72826463324533,0.417335588666825,-0.224103246005552,0.266012515466155,-0.338872392562139,0.133251386096389,3.46616972213077,2.21568764237058,1.54732515615369
"Egypt, Arab Rep.",11.2651882653185,10.0649259874818,7.11172943343083,9.46971981064921,10.0702154687481,10.370490343517,13.813606214829,29.5066083940039,14.4014657807422,9.15279959324804,5.04493288977539,5.21404940513043,13.8956609775178,33.8847763115546,10.733756344265036
El Salvador,1.17933576873673,5.1289237668161,1.72973481581383,0.757669184522973,1.14134467538233,-0.731384487387957,0.60404908699661,1.0123540331558,1.09033000581892,0.0753241350024612,-0.371590212324095,3.46692585313082,7.19861615609867,4.04554694222477,0.853782292567288
Equatorial Guinea,7.78916547991184,4.805389221557,3.65662048278806,2.94887694639662,4.30999866149107,1.67663085315988,1.41193915479015,0.74435474661241,1.06007410662171,1.53027528964189,4.76669523944228,-0.0971007664640198,4.78671704710803,5.303589338312323,2.6676662419351262
Estonia,2.97204512015694,4.9819013145361,3.93339987296985,2.78056658954988,-0.10617514652171,-0.49232600654737,0.148684907627373,3.41723549488054,3.43632688420446,2.27725931243522,-0.44453109767983,4.65316673847473,19.3982634080616,9.15922507983982,3.52056053296586
Eswatini,4.50923691774369,6.10742714590251,8.93964682788212,5.62130623468948,5.68134885776447,4.95124493704919,7.8472745908568,6.22137528933118,4.81506167461513,2.59801620311077,8.716593388758756,9.403670627178863,14.036753805398593,10.850150939698722,5.457545736553113
Ethiopia,8.14926402965082,33.2499598823344,23.600417677317,7.46402192944517,6.89001951597192,9.56889955968623,6.62813337230924,10.6871150284238,13.8330356586661,15.8096321719344,20.3563468559061,26.8395221557722,33.8898797100898,30.2188278135278,12.94533560106389
European Union,1.53112270420926,3.28944939564211,2.66284165508021,1.21999342274306,0.19934382657075,-0.0616446800641672,0.18333486112386,1.42910743319306,1.7386086198818,1.63052260754344,0.476498852725066,2.55450699642041,8.83369886749452,6.29942487419125,1.5005324874431754
Fiji,3.68901229670766,7.27811782708494,3.4233752340198,2.91354193604001,0.519306474579194,1.37488542621438,3.86322538221269,3.3475783475784,4.08147637644526,1.77310182460282,-2.5952432588738,0.155855722131516,4.52019266394958,2.14817440623896,2.1990776596703636
Finland,1.18413523154646,3.41680754255211,2.80833622561574,1.4782861568881,1.04119621178439,-0.207928839905268,0.356684500891695,0.754015047084346,1.08382098409305,1.02409392963431,0.290554555653239,2.19457432340007,7.12350773301402,6.25064322154763,1.56568906231616
France,1.53112270420926,2.11159795174994,1.9541953161351,0.863715497861805,0.50775882293799,0.0375143805125182,0.18333486112386,1.03228275064662,1.85081508315502,1.10825492288294,0.476498852725066,1.64233141038385,5.22236748369735,4.87835726508441,1.99904942291463
Gabon,1.46154402720469,1.26331707837421,2.65241828695626,0.505441058915615,4.69045751826284,-0.338795188753406,2.10670712784054,2.65192583143902,4.74906652083221,2.46456756151187,1.35276110675333,1.0869074651941,4.23124798274579,3.62901534185376,1.17311998381218
"Gambia, The",5.04968075857402,4.7958826618311,4.25432199813899,5.69912989637382,5.94799935696626,6.8084549457961,7.22879272057922,8.03418974545911,6.52096823946573,7.11567625631192,5.93127636562441,7.37034758876618,11.5131198380505,16.9742129632327,5.801437703792395
Georgia,7.11017897486099,8.5429333333333,-0.943658853270964,-0.512058410947092,3.06881210379543,4.00357820695097,2.13492713939121,6.03531725272117,2.6152447139767,4.85289821696723,5.2024648897534,9.56691433824769,11.8981654203198,2.48776056578715,1.10971758022096
Germany,1.1038103778926,2.07517283735874,2.00848884782956,1.50472330251876,0.906794000434246,0.514426137125456,0.491747008445174,1.50949485109628,1.73216879766942,1.44565976888253,0.144877925813982,3.06666666666673,6.87257438551097,5.94643667725823,2.2564981433876
Ghana,10.7333898354915,8.7284593709302,11.1863409441067,11.6661923071729,15.4896160333318,17.1499695007878,17.4546347070868,12.3719215507048,7.80876516610703,7.14364003330857,9.88728956269944,9.9710886750444,31.2558951049016,38.1069656296501,22.8483281157842
Greece,4.71298907760388,3.3298532335065,1.50152696177758,-0.921269454256994,-1.31226096405506,-1.73588804765284,-0.825653978390973,1.12125452031419,0.62562141345364,0.253007522038157,-1.24798355581405,1.22382501019854,9.64525981280632,3.46480128513405,2.74149045788606
Grenada,3.43650905943351,3.0334728033474,2.41077704021862,-0.0439997864828058,-0.98360305555498,-0.515448031435329,1.65038994431573,0.908458255874249,0.804102313277033,0.598149764736022,-0.740732597045498,1.21951193916838,2.5805392590792,2.69612269814564,0.8682093750101433
Guatemala,3.85950909833175,6.21412393067091,3.78180754679678,4.34337131279521,3.4183616966296,2.38872032839551,4.44844199942827,4.42453655182538,3.75186186704516,3.69998398008598,3.21444062197352,4.26105127422813,6.88512823344287,6.20657592272126,2.86919482222022
Guinea,15.0502688559001,21.3169268542577,15.2262941038638,11.8875884481828,6.1505055670642,11.7800825029834,8.17268112275132,8.91435947913097,9.82761701259191,9.47001039253012,10.6016203387167,12.5972882566934,10.4930409984424,7.80497591927973,8.12313914948596
Guinea-Bissau,2.51785140171697,5.04610226320204,2.13054580274493,1.20712555668414,-1.50924460570503,1.47672048910494,1.50312055861088,1.69111461822289,0.381324702791081,0.24660026814783,1.14000939393213,2.24248879577659,9.39383877456591,2.7972989674980995,1.4070207077098582
Guyana,3.73337757704246,4.9777356370697,2.39193521312334,1.90125181860582,0.852630497539914,-1.00173432776374,0.836008061506207,1.90465615515584,1.28284288443528,2.08723089162013,0.99333702283873,5.03285574626702,6.11505550109935,2.82110335099641,2.90395226446373
Haiti,4.82734190074673,6.33279483849042,5.01804155429246,4.76502404779142,3.43816659958601,6.73184069658997,11.5029073942666,10.6800887242584,12.4814111170435,18.7037825672506,22.7963113642528,16.8415240198785,33.98393194707,36.8135162780854,9.700285152503168
Heavily indebted poor countries (HIPC),4.69889064976226,6.4293968107234,6.31474450315196,5.16189898581494,3.96986045166308,3.77406982025571,4.66466235810216,4.97595150553833,3.06735996058356,2.80270307928111,3.48393567493204,4.48087963413445,9.62147608489072,7.12697482131851,3.9910539174269046
Honduras,4.69889064976226,6.7622795731476,5.19618615531848,5.16189898581494,6.12924930313022,3.15783117980923,2.72461223295289,3.93436084442044,4.34734937777528,4.36587159819267,3.46841177951184,4.48087963413445,9.08963911525025,6.66325180347457,4.60621098127107
"Hong Kong SAR, China",2.29289088604673,5.3052489299392,4.05390950903844,4.33799342105267,4.42364532019699,2.99084819322581,2.40930743862224,1.49387243939522,2.40613432046534,2.88320853773996,0.2509620210808,1.56875834445922,1.88136707196853,2.09660511249089,1.72972119105914
Hungary,4.85555795691956,3.9299209893507,5.65214517088646,1.73319984983101,-0.227566270988219,-0.0616446800641672,0.394769306686392,2.34824281150154,2.85024792594646,3.33858635382008,3.32674385766738,5.11096534382855,14.6081439492433,17.1249659678737,3.70370370370369
IBRD only,4.11211139315219,5.55389892257493,4.27949999641975,3.89555152647667,3.50379093139812,3.26150906442242,2.12081713361587,3.32389447576097,3.21605383144587,2.55754475703327,2.40414666699827,4.26635754479805,8.81109209279587,5.97802515541409,3.238084857994303
IDA & IBRD total,4.06749555950263,5.79911173145917,5.00686319367273,4.3411548980431,3.51695551369241,3.16346457365876,2.81833288054802,3.44637335032669,3.13285318810383,2.6806827895334,2.8981937602627,4.25936417542868,8.48730869535043,6.09852132676211,3.378213279337413
IDA blend,3.43650905943351,4.45735871596997,4.35742047634744,2.48194455802871,1.52814907423918,1.95210679937833,2.42047587077673,1.65049494073163,2.63647201015892,2.20607305781525,1.79537147083108,3.23563659237071,7.00530945399787,4.47720868651284,2.4000986134735864
IDA only,4.76311627525449,6.7167684358854,5.98172132315561,5.08577271963222,4.12924306873771,3.40274327737188,3.74103082110772,4.31421134623784,3.01748181031406,2.83514555687506,3.94180326908065,4.37012190478156,9.45955253039717,7.11475951738199,3.8884677994311545
IDA total,3.99639528107218,6.33279483849042,5.59607014268585,4.88516387595471,3.51695551369241,3.16346457365876,3.37153003512095,3.89251625363385,2.96760366004456,2.72643037388832,3.48393567493204,4.1862150652352,8.16059031991844,6.66325180347457,3.5576652110181475
Iceland,5.39673113167477,4.0010266434312,5.18589988750698,3.87227923748249,2.04461481539333,1.63305558181326,1.69692761997751,1.76041559180596,2.68291768267392,3.01397179156053,2.84792401518665,4.44423970189739,8.3087551155892,8.73630299937298,5.85683849970066
India,11.9893899204244,8.91179336483371,9.47899691419801,10.0178784746102,6.66565671867899,4.90697344127256,4.94821634062141,3.32817337461298,3.9388264669163,3.72950573539129,6.62343677628535,5.13140747176369,6.69903414079852,5.64914318907925,4.95303550973656
Indonesia,5.13420400767928,5.3560477898215,4.27949999641975,6.41251330156418,6.39492540819922,6.36312113115612,3.5258051568793,3.80879806953157,3.1983464156241,3.03058664969487,1.9209680056685,1.56012990525673,4.20946383402165,3.67013142377007,3.8052226815209185
"Iran, Islamic Rep.",10.0893629287979,26.2933856738608,27.2568127242908,36.6030355191029,16.6065532357449,12.4846815611533,7.24542548952979,8.04492437660278,18.0141183371874,39.9073455697784,30.5941390387295,43.3890162681514,43.4884641742179,44.5791857572797,19.980429102050174
Iraq,2.8777472527476,5.801455370853,6.08909641595043,1.87949800749469,2.23597407904679,1.39333028780309,0.556521397155511,0.18405889884769,0.367441488936849,-0.198965380023928,0.574162679425795,6.04186489058044,4.99476596381044,4.35835351089586,1.9737823892038817
Ireland,-0.918388645376774,2.5489783020855,1.69474116680366,0.515099484900573,0.190916398713745,-0.330959783371788,0.0201247735963237,0.362173038229378,0.471130713712916,0.937842961189274,-0.326183651280033,2.34034113447044,7.82945736434105,6.29942487419125,2.11344999577317
Israel,2.69137006338376,3.48494919760703,1.67920719398061,1.5702553921126,0.479786761439324,-0.601291007162392,-0.551552352993558,0.25941497450575,0.794075660242718,0.84978312826417,-0.61441235846577,1.51020047690539,4.39359665912654,4.22535211267609,3.07052614744924
Italy,1.52551602118248,2.78063272879323,3.04136333226775,1.21999342274306,0.241047429826756,0.0387903996579733,-0.09401665691575,1.22653316645812,1.13748763600391,0.611246943765304,-0.13770757391651,1.87378325762481,8.20128991161718,5.62219442195901,0.982373023061417
Jamaica,12.6105519975603,7.555856465809,6.87397708674309,9.34150076569673,8.27407886231419,3.69154228855725,2.35102197485846,4.37839864991561,3.73663882152163,3.90510000865872,5.2267777929352,5.86278242801063,10.3495688391272,6.47413734662063,5.41194447981659
Japan,-0.728243207517779,-0.27245561610124,-0.0440645104432602,0.335037912184741,2.75922671353253,0.795279630579839,-0.127258844489754,0.484199796126385,0.989094598021848,0.46877615938395,-0.024995834027731,-0.233352779398264,2.49770278172255,3.26813365933163,2.73853681635241
Jordan,4.84551875852116,4.1624416292779,4.5152295667099,4.82462314269537,2.89947905006057,-0.876851359704049,-0.778430463054142,3.32389447576097,4.46231108475481,0.761514047265601,0.333294350628378,1.34609377243118,4.22915568897117,2.08486986327134,2.26740930602992
Kazakhstan,7.40046356341398,8.452904661768,5.19568369035072,5.94283871648418,6.84944977003349,6.67828585615244,14.3610942386247,7.44266321306792,6.16366247577751,5.33356098916669,6.71815454861464,8.04147134028396,15.0278644440851,14.7249900200331,4.85655589318192
Kenya,3.96138889115385,14.0224913014704,9.37777003547598,5.71749357037733,6.87815499275949,6.58215429284779,6.29724953814625,8.00564967709945,4.6898064677633,5.23963795764792,5.40516207933392,6.10793603659176,7.65986268272224,7.67139634029402,4.48978854243448
Kiribati,-3.89955040651649,1.4974097987597,-3.04586292775571,-1.488059084681,2.10398520925043,0.572015743634256,1.91731090233378,0.355520888546828,0.564030491493476,-1.81307995302947,2.5532455441463,2.05361676773907,5.34595440908904,9.28307374517721,0.4336124852513758
"Korea, Rep.",2.93928652655686,4.0259650043609,2.18707104433314,1.30134754547413,1.27477446401322,0.70633177245575,0.971685739912168,1.94433230786366,1.47583935002645,0.383000303608136,0.537288023411737,2.49833333333339,5.08951365062842,3.5974562502901,2.32174328643542
Kosovo,3.48050763735842,7.3364177131527,2.47673782156533,1.76732428354892,0.428957808324092,-0.536929392740659,0.273169431045468,1.48823430592319,1.05379773654991,2.67599202639893,0.198227922994854,3.35369139207997,11.5805104542012,4.94432438791283,1.61944994559476
Kuwait,4.49640287769787,4.8394034987095,3.25514600287211,2.68229684085039,2.90892672858625,3.27170166092133,3.19839776658374,2.17183298510006,0.543133148199567,1.09184802655856,2.101729548274,3.42362947609188,3.98064961990313,3.64216403030709,2.89855072463762
Kyrgyz Republic,7.96772225579684,16.6363262731495,2.76844236540957,6.61375202358082,7.5342472977589,6.50331838993384,0.388838296895799,3.1753098637994,1.54266145238436,1.13362257718804,6.32542296338078,11.9050398185147,13.9229093174176,10.7532770416742,5.35322498514982
Lao PDR,5.98254521550082,7.5689885610998,4.2551267783209,6.37142717782947,4.12924306873771,1.27735427102992,1.59691227583204,0.825478607568026,2.04039266890201,3.32255881256925,5.10407262959919,3.75562036658877,22.9562225132056,31.2301341732646,23.1305695942588
Latin America & Caribbean (excluding high income),3.85950909833175,5.1289237668161,4.11150981070289,2.76789666082002,3.43816659958601,3.12900274473925,2.72461223295289,3.27955694678546,2.78235709149245,2.17408413342917,2.00241205759292,4.26105127422813,8.27477490232654,4.63202285403356,2.9686271445813937
Latvia,-1.08463595015162,4.3707355993922,2.25778924374595,-0.0294547782579216,0.620490636732421,0.174242243625186,0.140633334505327,2.93036312374665,2.53445424186598,2.81140920075615,0.219064904842156,3.27582937431156,17.3102830198815,8.93804623316637,1.26579885828729
Least developed countries: UN classification,5.04968075857402,6.61038986512481,6.31474450315196,5.52412877994266,4.26729770529532,3.55075967356746,5.51352572692995,4.77424402935677,3.47796666914955,3.32090626980376,4.4641443723286,4.1862150652352,9.39383877456591,7.12697482131851,4.183720989865826
Lebanon,3.98347941855833,4.97148571692384,6.58147447683677,4.82101956297399,1.8546042134091,-3.74914524799629,-0.783359624361508,4.32135218303191,6.07698907889607,3.00538949390383,84.8643330472041,154.756096023393,171.205491336641,221.341644023365,25.02194526630772
Lesotho,-2.40524254598706,5.0366305210156,6.05143662139967,4.86511899496385,5.37028961008587,3.21844513655931,6.59650490696543,4.447699373763,4.7518030162474,5.18708359197982,4.97809676252309,6.04774591950676,8.27180389943028,6.34221743124953,6.10544624245032
Liberia,7.28992796890218,8.488167518494,6.83178703418548,7.577306817414,9.86111285574904,7.74869687621322,8.83424868336488,12.4196323907138,23.5635148953742,26.9662760197878,16.9557241496255,7.81559385858648,7.59298486560313,10.0944535665552,10.052551785434048
Libya,2.79989500109268,15.5184815317561,6.05980392156864,2.60581802719517,2.43294141599225,10.4022933588151,25.8538742124461,25.8036184788338,13.1702038536721,-2.16217883470595,1.44703656998741,2.86833027751019,4.51030149235703,2.37317531435169,2.12615766885025
Lithuania,1.31921362055463,4.13027562645085,3.08998277055417,1.04747937065344,0.103758009433708,-0.884097405500596,0.905525075460342,3.72288862303707,2.69792779208394,2.33450937988027,1.19989444983569,4.68354420903453,19.7050461518394,9.11731962390475,0.715735835228723
Low & middle income,4.27707052915122,6.16077553828671,5.01804155429246,4.76502404779142,3.56179436381993,3.21844513655931,3.01913975139128,3.66699702675908,3.23929245939142,2.74176382475803,2.99313555869917,4.22278962033194,8.32008377271927,6.09114152504141,3.4901252474413433
Luxembourg,2.2736791162154,3.41068341068342,2.66284165508021,1.73403963519162,0.628543985440717,0.474743161437779,0.290833333333317,1.73079959118887,1.5281952430738,1.74332075653848,0.819957302127036,2.52692009066166,6.33600807777919,3.74140361983136,2.05113269954859
"Macao SAR, China",2.80947242060845,5.80624616691043,6.10738928336549,5.50057779178484,6.04823452094085,4.56056338028164,2.36895749705898,1.22812404052816,3.00446293166938,2.75193081051982,0.811410511491651,0.0264543647054126,1.04502802369954,0.476384495788075,2.9219602464657193
Madagascar,9.24732173644116,9.48254048582992,5.71384434191053,5.8264294445198,6.08040811088302,7.40419174202129,6.03575858154679,8.60905075422949,8.59422958870476,5.61051441492365,4.20179312190557,5.81225118787715,8.16059031991844,9.87432675044888,6.090472768724342
Malawi,7.41159092883827,7.6228226284852,21.2712650013779,27.2833333333334,23.7920649469687,21.8673475542553,21.7111132136499,11.5433939188771,12.420178108921,9.3708360560567,8.62551469650552,9.33014410835212,20.953969729969,28.7897428247298,32.1796504225025
Malaysia,1.62285235577035,3.1744709215131,1.66357102479206,2.10501231233612,3.14299050879095,2.10438980238359,2.09056659525742,3.87120115774237,0.884709160571235,0.662891865764326,-1.1387021539305,2.47710241465447,3.37869862549928,2.48886560125754,1.834100204499
Maldives,6.14988536750173,11.2734146055937,10.884695658563,3.8056300091943,2.12000175718134,0.953206658777607,0.502509413611612,2.81747338234509,-0.133373386117595,0.220029731065383,-1.36977425569811,0.543149688737013,2.33314337624567,2.92746542425035,1.39979779674928
Mali,1.10892690670187,2.95564395229391,5.32312847064058,-0.606736356351471,0.883814547137841,1.45069057605961,-1.79964707083386,1.75985742927156,0.299546507387934,-1.65826694846365,0.438088940320668,3.92560283104276,9.62147608489072,2.05880228274214,3.20639864099652
Malta,1.51563513618532,2.9629852819288,2.37582057760386,1.1802843636655,0.310306472181665,1.10054826378929,0.642702771527304,1.36435448150708,1.15782362451517,1.6420600176894,0.638544956776712,1.49789217934724,6.15375621933037,5.09396758978883,1.3887272044147083
Mauritania,6.28354087427704,5.68631959575954,4.90242727217997,4.12910173783393,3.53436856147324,3.25472688117631,1.47171045650004,2.25427651934813,3.06735996058356,2.30009262117937,2.3856948845632,3.56516484650185,9.52526628622843,4.95305034506872,3.2966048775468835
Mauritius,2.93236301369854,6.52249254869342,3.85216033315983,3.54329573934839,3.21769191994684,1.28654970760232,0.977675134719049,3.66699702675908,3.21605383144587,0.405655190309553,2.58080077182822,4.02852888157383,10.7737512242899,7.05298238454735,4.10263226568006
Mexico,4.15672722680174,3.40737824605742,4.11150981070289,3.80639069747204,4.01861608078679,2.72064064964023,2.8217078474766,6.04145724018986,4.89935015356551,3.63596142127046,3.39683415570006,5.68920847683753,7.8962761916855,5.52796087314389,4.72225588452932
"Micronesia, Fed. Sts.",3.31370963136217,5.08259403890371,5.01850353045616,1.75232737350762,0.650284891767944,-0.2981158373807,-1.03746806405349,0.58225373525489,1.49840023593737,1.92385170787923,0.554594630853174,3.19128406597466,5.40874375479067,3.269841909236045,1.6447063151592787
Middle East & North Africa (excluding high income),3.95007875923885,4.97148571692384,6.08909641595043,4.82101956297399,2.89947905006057,2.9976391933388,3.18390573061568,4.81510028934517,4.36615064471282,2.47857885221637,1.7774078380617,5.21404940513043,6.65704202759067,6.09114152504141,3.4890871351202875
Moldova,7.4838508635085,7.6872510335619,4.54633427355292,4.59787897363118,5.08878554625879,9.67624033101868,6.35930898037931,6.57022997455604,3.04505397337058,4.83778351428722,3.76597122245358,5.10641129002836,28.7372976766236,13.41701043813,4.67773516007048
Mongolia,10.0462065881651,8.411214953271,14.3303348325837,10.4906567588242,12.253980812976,5.7356828193832,0.733272227314397,4.30143105302342,6.82424790145522,7.30106953550723,3.79604026111247,7.35281243380219,15.1479560897226,10.3475831314339,6.80284899332961
Montenegro,0.654946570148479,3.4501431124869,4.14524724981119,2.20589268141178,-0.710514051710227,1.54869158222486,-0.271385023385176,2.3802359905313,2.611223782638,0.361563704540767,-0.255655699848551,2.41080198403165,13.0403036347004,8.58476910455403,3.33675009282281
Morocco,0.993557401226392,0.9069249096918,1.28712240079219,1.88065466724086,0.442310053557048,1.5579071134626,1.63531114327064,0.754663249323619,1.80391671141896,0.303386036590383,0.705968661338261,1.40195883962006,6.65704202759067,6.09114152504141,0.985256592004507
Mozambique,12.4255421735156,11.1666056127874,2.60245456956618,4.26135250941963,2.55974875844295,3.55075967356746,17.4180418197597,15.1132073899384,3.91133439990729,2.80270307928111,3.48393567493204,6.40847652975692,10.2794018093421,7.12697482131851,5.883197017324041
Myanmar,7.71838195873614,5.0214601462073,1.46758322674679,5.64303883425501,4.953299184844,9.45417189526018,6.92882525816076,4.5725365531752,6.87232865662935,8.82506696804558,9.807746262723766,10.580832595511506,15.793890288976266,12.208384925475164,6.140727393611388
Namibia,4.8749198764395,5.005595180812,6.72199777334886,5.60092502290401,5.35016966859602,3.39401538410559,6.72858234593338,6.14579981111164,4.29159105337875,3.72239414422695,2.20938236933469,3.61690530108814,6.08128114112413,5.87993463284275,4.23903922877036
Nauru,0.05144367038666449,0.3003003003003,-0.124750499001971,0.05325999457197591,0.04625810771694283,0.04885549890807777,0.08319760155878844,0.062004944317568936,0.05187975867466552,0.06306155361494378,0.09162356448076338,0.09884570538489633,0.1475458771597787,0.11405023268970738,0.05736642417491441
Nepal,9.32650410745394,9.22707546125951,9.45980980357135,9.04016311917636,8.36415469659563,7.86890895590899,8.79034332004633,3.62709610696607,4.0611633875107,5.56868547784929,5.05236655289212,4.14968003360264,7.6507917679853,7.11475951738199,6.093792552102429
Netherlands,1.27530569556683,2.34107017751373,2.45554765291604,2.50689852657885,0.976035079699679,0.600248147278776,0.316666666666743,1.38145871407206,1.7034979474447,2.63369910249601,1.27246037789161,2.67572008805385,10.0012078753473,3.83839354342808,3.34754304219953
New Caledonia,0.8765692213860633,2.42899693753383,1.74967234600262,1.27761318992718,0.178851060785511,0.570508141048402,0.578317435520754,1.0565269809486015,0.8839999036876071,1.0745309682641964,1.561210465230297,1.6842714051183911,2.514093059234702,1.94334741118378,0.9774893858612134
New Zealand,2.30202385958572,4.0279066739204,1.05991318445632,1.13442266445817,1.227507505974,0.292704628136101,0.646240284454524,1.85078767452536,1.59829703801696,1.61963190184048,1.71456170007245,3.94112060778728,7.17222476016441,5.73316283034957,2.92279782301957
Nicaragua,5.45513425887423,8.082387980991,7.1935505333896,7.13546785289407,6.03596861798425,3.99737996694396,3.52317317628473,3.85067166284727,4.94723728039886,5.37628990844126,3.68181341625572,4.92841396948968,10.4674244465991,8.38765854872536,4.62473841057141
Niger,0.804073080882659,2.9423851401332,0.455089820359289,2.29723114955317,-0.930287259984466,-0.576090369833189,1.65388922387806,2.79637318871284,2.96760366004456,-2.48979265070855,2.8981937602627,3.8378680284051,4.22621791916392,3.70097316425834,9.07151997725013
Nigeria,13.7400521363694,10.8261371880017,12.2242413020583,8.49551838265678,8.04741087967907,9.00943498007699,15.6968126387972,16.5022662139641,12.0951065173432,11.3964223378115,13.2460234276597,16.9528457221608,18.8471877843274,24.6595502031139,10.758934897464322
North Macedonia,1.50997522027621,3.9047542206973,3.31605566687647,2.78500056726118,-0.281705032928494,-0.299920475631552,-0.23929078768441,1.35161889677442,1.45831298507117,0.766439573459716,1.20007348888487,3.23074912132919,14.2047173195833,9.36187249769016,3.48974086026947
Norway,2.41890639481001,1.28495158809152,0.696864111498362,2.12048620353112,2.04170286707211,2.17113665389527,3.54999999999998,1.87510059552554,2.76483134528788,2.16773003305402,1.28658490708005,3.48388055266678,5.76412317852272,5.51784987104659,3.14530134431073
OECD members,1.80735230566098,3.37429759432522,2.52945520915773,1.45156526398379,0.624517311086569,0.338705695410167,0.443258157565783,1.82264336059063,1.93246812286359,1.74071267870181,0.73285164517586,2.81528854435832,8.23803240697186,5.67767862615429,1.6528123883345756
Oman,3.25657959078624,4.0421886711639,2.94773495257209,1.05354820265932,1.01401483924156,0.0652901330286599,1.10920805807027,1.58909413567799,0.889312370970404,0.490815362820671,-0.40640291946585,1.68221185876085,2.5061425061425,0.950782997762827,1.235143921877325
Pakistan,12.9388705634889,11.9160927116277,9.68235186055684,7.69215611899565,7.18938402847028,2.52932817254229,3.7651191635658,4.08537368032608,5.07805725868917,10.5783618004555,9.73999313898155,9.49621056124947,19.8738599646655,30.7681280657005,12.6325318530452
Palau,1.44219017355169,4.6746987951807,3.61418047882138,3.35481004221287,4.19174548581256,0.949040643697081,-1.04230533415074,1.4179881966692,2.10970464135017,0.26737967914444,0.218181818181833,2.6124818577648,12.3526638378124,12.8199748216534,2.23172772921704
Panama,3.491288726188,5.8758024367877,5.69819959165992,4.0271599157106,2.62652699929151,0.137492058461504,0.739734025300033,0.875585918759878,0.761578359399944,-0.355083821021245,-1.5502754080376,1.63070337301898,2.85965128834711,1.48641355277038,0.685197879812108
Papua New Guinea,6.01360893567856,4.44083401028971,4.53720508166972,4.9603174603175,5.22211720226841,5.99595778127107,6.6737288135593,5.42204568023834,4.37448921453162,3.92867290939597,4.87167398565555,4.48359014042398,5.25323922215241,2.29869991296791,0.602403921107917
Paraguay,4.65116279069765,8.2539682539683,3.67591897974496,2.68385738718582,5.02882767456766,3.12900274473925,4.08682280577241,3.60247741348943,3.97561015740694,2.75709727562775,1.76751592356698,4.787983101236,9.76556667164402,4.63202285403356,3.83540271728533
Peru,1.52832059732901,3.36931095333853,3.61121294940163,2.76789666082002,3.41194579807465,3.39809194746308,3.55717663556279,2.99490045809443,1.50915423024742,2.25212191358027,2.00241205759292,4.27166381536798,8.33370630096231,6.45561348369586,2.00770739412712
Philippines,3.78983634797591,4.7184170471842,3.02696391124796,2.58268766141795,3.59782343864211,0.674192536845408,1.25369880080982,2.85318772590947,5.30934661627707,2.39206534422404,2.3931623931624,3.92718022100332,5.82115811213955,5.97802515541409,3.21260487006347
Poland,2.58069370250543,4.2394014962594,3.56037151702783,0.991982606332428,0.0538213132399802,-0.87412587412577,-0.664767331433961,2.0759355367385,1.81295156542679,2.227478809383,3.37446972618589,5.05502704719272,14.4294507575758,11.5289127961105,3.7842600751287
Portugal,1.40257289895369,3.65301100430724,2.77333854051586,0.274416666666663,-0.278153367467428,0.48793862390472,0.607397074641719,1.36861411643472,0.993715683468326,0.338178410046034,-0.0124383299575305,1.26565719069044,7.83269124233323,4.31128191898672,2.41613187791884
Qatar,-2.42525675161714,1.13836623529202,2.31534853431661,3.22197756829293,3.34972085659523,1.8140772393776,2.6765917009819,0.394878914083005,0.255815382724408,-0.666641124861147,-2.5403150300476,2.30446565742003,4.99527553740761,3.02764899198902,1.26734310292375
Romania,6.09141668601891,5.7892532881588,3.33492267693442,3.9847123554813,1.06830987684298,-0.594156437495203,-1.54479666813897,1.3390212110439,4.62548443137779,3.82785432599438,2.63107311184743,5.05232876096582,13.7954887432521,10.3971874764996,-4.5191101423114
Russian Federation,6.84939230255025,8.4404648593257,5.07474300799149,6.75371026220942,7.82341183865513,15.5344050528403,7.04244762954799,3.68332944412233,2.87829723647884,4.47036660760173,3.38165937237898,6.69445891957612,16.00149780800771,12.368861695883517,6.2214460231516915
Rwanda,-0.246128693436934,3.0801706924026,10.2710182318876,5.92426867984854,2.35449052820358,2.52850284192421,7.17434301982009,8.27953672260832,-0.311210160390699,3.34787655037648,9.85039902274207,-0.391346748300791,17.6892095588153,19.789546746467,1.77029240198635
Samoa,0.777007268777692,5.23541591478434,2.0490188352116,0.61008572090503,-0.40681608842489,0.724470134874729,1.30471869303179,1.74989677484705,4.19745888663752,0.982326569888117,-1.56891247740895,3.13320473174494,10.9618822286844,7.92164684826777,2.17245530514377
San Marino,2.58541815582587,2.89979584300123,2.8273322422258,1.60439298078082,1.11296303373851,0.145686073241066,0.644075340346552,1.01413313194508,1.16333522293158,0.472651967352852,-0.133368898372915,1.61551411551421,5.32545321311365,5.93190858629403,1.24216507945569
Sao Tome and Principe,13.34005235378,14.3271667616801,10.6379353431628,8.10583270875476,6.99849943966421,5.24587835022454,5.43051966119156,5.6902961992902,7.86859628873909,7.72024525213248,9.81932791540146,8.13777038378732,18.0056351122841,21.2589138473,7.919257751229468
Saudi Arabia,5.33941680637454,5.82621608838862,2.86626887489915,3.53252470694918,2.23629031536978,1.20607322150109,2.06884036053473,-0.838194579675018,2.45814158007532,-2.09333333333329,3.44545825956692,3.06328988941547,2.4740737192537,2.32708518362692,1.68792112375817
Senegal,1.22868119673341,3.40322829786971,1.41822871177844,0.710245486695272,-1.09025507446895,0.13521193363526,0.837284942557434,1.3181531484778,0.460985642464282,1.76011151192938,2.54314685681652,2.18032278088147,9.69681899081073,5.93947798773215,1.2925592062727334
Serbia,6.14255360247248,11.1373976342129,7.33038589596646,7.69426362896655,2.08244793880154,1.39235822000187,1.12231397417769,3.13106248590115,1.95984076293801,1.84922984511086,1.57553290083415,4.08510285335102,11.9815117344703,12.3719043552519,4.6705297488997
Seychelles,-2.40463875108227,2.55926772230953,7.11037062326403,4.33893848329099,1.38583454581263,4.04194410725617,-1.01548191697626,2.85679575568437,3.70291839111568,1.80709400809982,1.20266463987123,9.76909936973542,2.6260363285129,-1.03530088431952,0.311726050919668
Sierra Leone,7.18566275668163,6.79138291952621,6.58776239392585,5.52412877994266,4.63931171409667,6.68943562498681,10.8860609413903,18.2215094003386,16.0295447693699,14.8049990906021,13.4468711101052,11.8739588840234,27.2082883814653,47.6428733253179,28.6337500014115
Singapore,2.82366134885608,5.2477933984048,4.57560270376527,2.35860415399832,1.02514803039391,-0.522618167075298,-0.532268739716253,0.576260310166349,0.43862011844684,0.565260568780326,-0.181916666666634,2.30485959040484,6.12106004039418,4.82146729476466,2.36645846996694
Sint Maarten (Dutch part),1.33857621672882,4.58475435650401,4.01518421081576,2.5286478853837,1.88675466275266,0.330027165141066,0.111682655737579,2.19201010962985,1.771650366797741,2.153499311617044,3.1288680935774895,3.3754981648950793,5.038568298454054,3.8947200553721637,1.9590154046146817
Slovak Republic,0.957018132975143,3.9192859914629,3.6061026352289,1.40047368963025,-0.0761653295419871,-0.325219777427673,-0.520010196278266,1.31194588223228,2.51403712883812,2.66456133425431,1.93694126694223,3.14960629921268,12.7741463637611,10.5319476645211,2.75760909424272
Slovenia,1.80117022137134,1.8028517194191,2.59741386039003,1.76920085881907,0.19934382657075,-0.525552285820877,-0.054999541670474,1.42910743319306,1.7386086198818,1.63052260754344,-0.05485681576061,1.91706506089259,8.83369886749452,7.44687717385838,1.96562656432512
Solomon Islands,1.05148163321038,7.34270706018,5.91200602491155,5.3913638858756,5.16590237925171,-0.57446928635949,0.512485626268792,0.488686760261083,3.46147484973729,1.63485544012247,2.96354992076065,-0.115437894412839,5.51812928576938,5.88585897042164,2.5648067575267293
South Africa,4.06749555950263,5.0008533879502,5.73797139141739,5.78016910069176,6.13282953059149,4.51869094892506,6.60290842394872,5.18618655524149,4.50987264867388,4.10285075461156,3.23238831615113,4.61874544887136,7.03987272546482,6.0752438457966,4.36115246518962
South Sudan,1.16962180301106,46.8521757193597,45.5258978371706,-0.0580909784225664,1.67429906295525,52.7663304192142,379.999585624026,187.851630279442,83.5015294921999,87.2413641500033,29.6758435538571,10.5167158294359,-6.68732094212672,2.38280434813759,54.81816119056436
Spain,1.79986457728769,3.1961018883379,2.44612782366809,1.40858109183019,-0.151114837527235,-0.500365709903242,-0.202598000426452,1.95607633363963,1.6749813686379,0.699518994458739,-0.322753017299739,3.0931351197642,8.39057634118627,3.53236133492433,2.77417826534772
Sri Lanka,6.2176488930462,6.7167684358854,7.54291373239437,6.90845034828452,3.1790022823606,3.76836783062096,3.9588884659307,7.70413767850602,2.135037737132,3.52839358231811,6.15394508391738,7.01478071238195,49.7211021114327,16.5411742279832,-0.42936004906973
St. Kitts and Nevis,0.850878649795844,5.8351651957086,0.816089281562459,1.10698554000129,0.247865392364942,-2.30187563045616,-0.687037123294039,0.694916711613604,-1.03712214131572,-0.329562063663977,-1.16724501769353,1.195688870384,2.66817533111249,3.55711230848243,0.43956428907986156
St. Lucia,3.25034409180129,2.76940794144093,4.17763587102515,1.46856511035428,3.51695551369241,-0.983600952696996,-3.07821765676927,0.104262078958441,1.93561893150602,0.539087559191757,-1.75580833517594,2.41070312174393,6.37814695133351,4.07060821926204,1.3776877086769292
St. Vincent and the Grenadines,0.747109026311474,3.1860311155246,2.59844414147101,0.805127804267928,0.193858560794015,-1.73361194953959,-0.149641647633284,2.15333648840511,2.32414485367921,0.91306972532459,-0.628131309354654,1.57272932500558,5.66009779226552,4.56457719814894,3.62770736940927
Sub-Saharan Africa (excluding high income),4.06749555950263,5.68631959575954,6.57589970757698,4.90520875694557,4.4038027171436,3.47238752883653,5.49410463760061,5.20971705914209,4.27462198610545,2.867588034469,3.84286439841881,4.43905481215002,9.45955253039717,6.69759990789844,4.061340203964968
Sudan,12.9776663898014,18.0966171221351,35.5590574147024,36.5223449139154,36.9066427863595,16.9095706050977,17.750253831196,32.3516260968437,63.2925073455888,50.9940515002965,163.257782355458,359.093040778999,138.80846024176,104.74782554471695,52.68738212877368
Suriname,6.94108221639996,17.7117796414558,5.00686319367273,1.92343604108305,3.38341272749477,6.89390359168238,55.4123879763196,21.9969430173304,15.049159153526988,18.292748097986074,34.889784309078,59.1196626251977,52.446027276241,51.5873159600861,16.2296159130279
Sweden,1.15798802715628,2.9611507382214,0.888377506923638,-0.0442929701485858,-0.179638494114635,-0.0467847449832812,0.984269244577992,1.79449904665589,1.95353530127028,1.78415097403835,0.497367318853572,2.16319736447153,8.36929098869189,8.54862489748902,2.83581658224034
Switzerland,0.688238707220026,0.2313492076509,-0.692552018105253,-0.217323155115693,-0.0132025387514939,-1.14390867228183,-0.434618664285835,0.533787839825897,0.936335464113563,0.362886179940614,-0.725874933313384,0.581814168489856,2.83502798644463,2.13540088016377,1.06234041976595
Syrian Arab Republic,4.3974138315007,4.7531638888563,36.7022953364139,40.0318378290723,10.9271141804297,38.4611429599733,47.7051615298923,18.0752696281771,0.940983843906769,13.4175653228571,32.461280365215835,35.020010120543944,52.27397681325579,40.40681674020645,20.324330200914236
Tajikistan,6.44531440780658,12.4315490430406,5.83116601031462,5.00964645344951,6.10442765129667,5.7145594964971,6.00458082322139,6.917868749670461,5.788205524994255,7.0357542589531405,10.22240726817801,11.02817886294842,16.461639051212508,12.724542361909911,6.400350769568115
Tanzania,6.20015595647403,12.6909694699162,16.0010938506338,7.87072364573959,6.13161432988012,5.58816952959298,5.17476629301493,5.31871605228931,3.49445848856181,3.4642805799902,3.29029062798325,3.69091958802199,4.35027204269101,3.79923291384916,3.05694676312373
Thailand,3.24758842443723,3.80879058139634,3.01489950334994,2.18488618530678,1.8951418189878,-0.900424963291569,0.188149704448234,0.665631893135106,1.06389754183015,0.706728601314311,-0.845937147357041,1.23039541318384,6.07741228434321,1.22802623546169,1.3025849807968073
Timor-Leste,6.76597680236481,13.499840238577,11.8003096701544,11.0849085109954,0.726275016139465,0.552796026277853,-1.33853876185163,0.557215537430361,2.63647201015892,0.958812739703141,0.495499215459571,3.69792094666786,7.00530945399787,8.42035103310377,2.06284153005468
Togo,1.44594517430866,3.56351472903954,2.57718174055848,1.82539475909171,0.19087507624975,2.58500390801595,1.28544847051417,-0.981889868943119,0.927755426457183,0.674652770077436,1.69928463299408,4.1862150652352,7.96757361617945,5.48928568141124,1.6086534463096065
Tonga,3.53491239189831,6.27075302995691,1.14753853706055,0.77562932236742,2.51087633253706,-1.05399831971283,2.57815515245081,7.51706283551115,5.03209691984874,1.17954334821808,-0.349737696727496,5.64051140636751,10.9713652903022,6.35112980255189,3.18364611260058
Trinidad and Tobago,10.5492003179988,5.1071328926456,9.26028137068292,5.19981740465611,5.68441814595659,4.66121598098264,3.07066742464024,1.88038440183532,1.01856930188822,1.00054293027237,0.598986330824643,2.05922746915458,5.82838638517959,4.62930242419968,0.526884625776839
Tunisia,3.33897963601069,3.24002842009531,4.6118443220664,5.31623531326689,4.62555099534031,4.437371273215,3.62939937384381,5.30884839565844,7.30759176031652,6.72007532863799,5.63415115897625,5.706350208307,8.30646124447623,9.32899597507865,7.20661657168794
Turkiye,8.56644420552976,6.471879671151,8.89156996512163,7.49309030547693,8.85457271364324,7.67085364845877,7.7751341532833,11.1443110840765,16.3324638988928,15.1768215720022,12.2789574462574,19.5964926913324,72.3088359891207,53.8594087593315,58.5064507300343
Tuvalu,0.32497412188570807,0.5005807431527,0.44034429911380174,0.33644799909440665,0.29221647332739403,0.3086244184679406,0.5255664556270268,0.39169060412527607,0.3277289293749986,0.39836529658034003,0.5787939932624471,0.6244168829360396,0.9320600864491414,0.7204651989374014,0.3623886705952945
Uganda,3.97655288478168,16.5643496174515,12.6790377224659,4.90520875694557,3.07570668958641,5.58968606251725,5.70637504616212,5.20971705914209,2.61601190952274,2.867588034469,3.31332289544502,2.20457204757414,7.1957888597581,5.35094804280395,3.3233806708656
Ukraine,9.37293105078978,7.95572466274652,0.568727971803862,-0.238948626045407,12.0718562874251,48.6998646434424,13.9127101997797,14.4383227488749,10.9518559353178,7.88671745611133,2.73249209419427,9.36313917695223,20.1836366617478,12.8490222828559,6.50198464669254
United Arab Emirates,0.877983288285867,0.87734659568512,0.662268900269009,1.1011183637571,2.34626865671643,4.06996608361593,1.61748808904198,1.96682557818842,3.06863379251997,-1.93108114782173,-2.07940317940944,0.179935336174431,5.29122604376849,1.62670837213248,1.2345251249575135
United Kingdom,2.49265472467065,3.8561124468282,2.5732347965453,2.29166666666659,1.45112016293279,0.36804684232536,1.0084173681141,2.55775577557747,2.29283990345938,1.73810460086513,0.989486703772491,2.51837109614213,7.92204883147902,6.79396706793963,3.2715729463592
United States,1.6400434423899,3.156841568622,2.06933726526067,1.46483265562717,1.62222297740817,0.118627135552451,1.26158320570536,2.13011000365961,2.44258329692817,1.81221007526021,1.23358439630629,4.69785886363742,8.00279982052121,4.11633838374488,2.94952520485207
Uruguay,6.69870886978132,8.0928320630299,8.09776580573602,8.57513504005397,8.87735333229828,8.66626987079328,9.6394134763508,6.2180938256186,7.60653360377047,7.88198870879619,9.75640636078194,7.74791402314762,9.10437983075437,5.86910359896119,4.84914366613156
Uzbekistan,8.958897438843623,13.7797446476602,13.2088026688373,11.8414333622049,9.28309356162695,8.75188196737508,8.130886695236,13.8757425441635,17.5241796514055,14.5257359560687,12.8677297362606,10.8492397508122,11.4466436998836,9.95659071258018,9.62825465956682
Vanuatu,2.76269469477348,0.8737931047811,1.34740362877658,1.45893371757921,0.798863838097023,2.48326875660439,0.842069084035061,3.08452624403546,2.33096379566866,2.76252019386111,5.32935073101715,2.34328358208953,6.67930581887121,11.1825017088175,2.2673916115391197
"Venezuela, RB",28.1874647092039,26.0902123160959,21.0689956331876,40.6394275161589,62.1686499794829,121.738085297503,254.948534781816,78.32631582381427,65.53590858824016,79.66105314902966,115.7413546195288,124.86455754483036,186.38392631608193,144.0713259846013,72.4668122366828
Viet Nam,9.20746648778413,18.6777322770707,9.09470339557192,6.59267475899192,4.08455446637617,0.631200905175754,2.66824816969082,3.52025688811617,3.53962805942641,2.7958236745225,3.22093436652514,1.83471554810444,3.15650749963129,3.25289282667662,3.62109273885843
West Bank and Gaza,3.74915727597096,2.8772435849594,2.77908768282492,1.72439933626931,1.73298510037447,1.43161145810476,-0.219106604907316,0.212570934228881,-0.195107773730735,1.58018333639455,-0.735332001092191,1.23748102831369,3.74122391852077,5.87110177678988,1.4407983809447744
"Yemen, Rep.",11.1748338605044,19.5435617131144,9.88538714484871,10.9684421500198,8.10472583623915,9.642284567760269,16.42015673802351,12.237503066809905,10.23916258411486,12.446039009537635,18.0831329447335,19.508518814134526,29.120147499694465,22.509335145313763,11.322029226845334
Zambia,8.50176133365265,6.4293968107234,6.57589970757698,6.97767605490307,7.80687553566333,10.1105928909618,17.8697300795268,6.57731154205644,7.4945719272852,9.15031644316296,15.7330604721369,22.0207676245777,10.9932039209136,10.884531691282,8.286687800024128
Zimbabwe,3.02267002518892,3.4661297281749,3.72532666110646,1.63495041543822,-0.19778481012661,-2.43096842383404,-1.54366960054161,0.893962316050027,10.6188658669575,255.304990757856,557.201817362051,98.5461050920624,104.705170628667,106.76586973599471,53.702443442988866
